{"LSTM": 47.924378395080566, "SEED": 33, "vocab_size": 29985, "embedding_dim": 100, "maxlen": 80, "hidden_units": 128, "loss": 0.021767977625131607, "acc": 0.9945124983787537, "val_loss": 0.17302018404006958, "val_acc": 0.9528999924659729}